OpenTime,Open,High,Low,Close,Volume,CloseTime,QuoteVolume,Trades,TakerBase,TakerQuote,Ignore
10-01-22 20:00,40930.01000000,41057.52000000,40716.00000000,40774.00000000,2678.34877000,10-01-2022 20:59,109509620.22436490,64295,1262.26087000,51614350.43744150,0
10-01-22 21:00,40774.01000000,41275.92000000,39650.00000000,40786.57000000,12877.43442000,10-01-2022 21:59,519222691.50972370,243669,5547.81651000,223882800.22731470,0
10-01-22 22:00,40786.57000000,41200.00000000,40555.87000000,40984.33000000,3880.93354000,10-01-2022 22:59,158569025.80025920,86617,1979.87233000,80915250.19526140,0
10-01-22 23:00,40984.34000000,41985.99000000,40850.03000000,41904.40000000,4663.47158000,10-01-2022 23:59,193958751.48920010,95088,2639.70796000,109758884.91805260,0
11-01-22 00:00,41904.40000000,42121.63000000,40564.89000000,41184.45000000,5819.36057000,11-01-2022 00:59,239916987.61546880,118839,2856.82187000,117846188.31386340,0
11-01-22 01:00,41184.44000000,41723.87000000,41118.36000000,41604.58000000,1816.05456000,11-01-2022 01:59,75238582.19837180,49787,968.38739000,40125297.46192720,0
11-01-22 02:00,41604.58000000,41698.07000000,41205.65000000,41297.15000000,1358.54117000,11-01-2022 02:59,56372049.30573990,38029,690.38254000,28644607.63932740,0
11-01-22 03:00,41297.15000000,41779.46000000,41158.99000000,41714.72000000,1245.44049000,11-01-2022 03:59,51617961.97818270,38182,642.61962000,26636196.01493050,0
11-01-22 04:00,41716.81000000,41985.00000000,41562.38000000,41714.13000000,1365.38265000,11-01-2022 04:59,57035367.63353540,36634,724.55767000,30267070.66918200,0
11-01-22 05:00,41714.14000000,41849.45000000,41500.00000000,41604.98000000,729.88329000,11-01-2022 05:59,30419220.97853950,27079,338.28797000,14098607.89383630,0
11-01-22 06:00,41604.98000000,41892.87000000,41503.56000000,41822.49000000,672.28660000,11-01-2022 06:59,28075450.14163520,21912,359.01784000,14990851.06766320,0
11-01-22 07:00,41822.49000000,41878.78000000,41583.43000000,41593.70000000,869.73683000,11-01-2022 07:59,36281214.07517270,27177,418.88985000,17475651.74267520,0
11-01-22 08:00,41593.69000000,42062.91000000,41544.64000000,41928.82000000,1240.96190000,11-01-2022 08:59,51936704.43057780,33548,690.91109000,28923378.00868410,0
11-01-22 09:00,41928.82000000,42400.01000000,41818.18000000,42173.77000000,1875.33837000,11-01-2022 09:59,79066409.87252620,45090,1007.70400000,42487992.91300020,0
11-01-22 10:00,42173.77000000,42277.99000000,42056.80000000,42277.98000000,948.11009000,11-01-2022 10:59,39971550.17699330,29688,475.21566000,20035974.27609810,0
11-01-22 11:00,42277.99000000,42387.78000000,42123.03000000,42304.65000000,1170.50674000,11-01-2022 11:59,49455381.29200940,31370,596.09605000,25188064.70779840,0
11-01-22 12:00,42304.65000000,42315.79000000,42021.71000000,42110.00000000,897.64330000,11-01-2022 12:59,37819297.49525180,25808,421.71073000,17765404.52244450,0
11-01-22 13:00,42110.00000000,42232.68000000,41971.37000000,42105.00000000,990.30927000,11-01-2022 13:59,41693372.63328100,26019,510.52541000,21494359.88209910,0
11-01-22 14:00,42104.99000000,42280.00000000,42069.73000000,42211.05000000,824.67137000,11-01-2022 14:59,34776805.70516160,25634,371.58074000,15669800.99702010,0
11-01-22 15:00,42212.21000000,42627.66000000,41930.01000000,41991.78000000,2197.68722000,11-01-2022 15:59,92839896.56336070,53999,1089.69515000,46064346.46752700,0
11-01-22 16:00,41991.78000000,42148.04000000,41843.13000000,41984.80000000,1058.94290000,11-01-2022 16:59,44477201.80561270,31936,572.88888000,24061150.66515680,0
11-01-22 17:00,41984.79000000,42066.61000000,41575.00000000,41631.02000000,1544.92365000,11-01-2022 17:59,64596266.52833160,44355,651.76577000,27250799.51797890,0
11-01-22 18:00,41631.02000000,41944.00000000,41584.86000000,41809.99000000,1271.07829000,11-01-2022 18:59,53115468.38547890,39647,670.23616000,28008894.71728010,0
11-01-22 19:00,41809.99000000,41956.45000000,41722.23000000,41812.69000000,946.89068000,11-01-2022 19:59,39634497.28794730,37998,448.08339000,18755762.91926100,0
11-01-22 20:00,41812.70000000,41899.00000000,41586.03000000,41701.52000000,1163.91865000,11-01-2022 20:59,48612324.92334680,40198,544.49411000,22745618.73829750,0
11-01-22 21:00,41700.74000000,41823.01000000,41268.93000000,41642.00000000,2261.46020000,11-01-2022 21:59,93907212.28670280,58919,1029.17539000,42743960.35769540,0
11-01-22 22:00,41639.51000000,42200.00000000,41440.69000000,41733.93000000,2972.86186000,11-01-2022 22:59,124331720.14406240,69597,1556.71691000,65123213.28623290,0
11-01-22 23:00,41733.92000000,42925.07000000,41680.44000000,42705.24000000,4848.73177000,11-01-2022 23:59,205794464.02617130,105457,2530.73653000,107420793.59626190,0
12-01-22 00:00,42705.24000000,43100.00000000,42319.24000000,42549.01000000,4190.85853000,12-01-2022 00:59,178974697.71780990,90731,1946.40192000,83120156.13264380,0
12-01-22 01:00,42549.01000000,42916.97000000,42353.07000000,42755.00000000,1416.65246000,12-01-2022 01:59,60441975.69137110,44909,697.28248000,29758090.58479890,0
12-01-22 02:00,42754.99000000,43086.70000000,42595.68000000,42972.05000000,1440.44569000,12-01-2022 02:59,61699478.69959700,40631,718.48501000,30774122.40229870,0
12-01-22 03:00,42972.04000000,43095.26000000,42692.19000000,42800.38000000,1219.60178000,12-01-2022 03:59,52272340.79457410,36804,582.77892000,24983384.64824520,0
12-01-22 04:00,42797.62000000,42823.69000000,42643.74000000,42659.20000000,702.10380000,12-01-2022 04:59,29999130.68739960,27238,330.44465000,14120315.15793510,0
12-01-22 05:00,42664.71000000,42776.14000000,42597.41000000,42713.13000000,561.85993000,12-01-2022 05:59,23975024.87993490,24841,294.29481000,12557917.42302140,0
12-01-22 06:00,42713.12000000,42886.28000000,42633.97000000,42729.29000000,681.14201000,12-01-2022 06:59,29131172.85740380,23932,365.84030000,15647229.43663940,0
12-01-22 07:00,42729.29000000,42965.00000000,42578.02000000,42675.00000000,1004.90689000,12-01-2022 07:59,42957792.49642640,33543,499.46425000,21353109.36670960,0
12-01-22 08:00,42675.03000000,42769.06000000,42562.20000000,42626.05000000,724.93634000,12-01-2022 08:59,30910185.76744230,26668,361.31270000,15405638.94859470,0
12-01-22 09:00,42626.04000000,42712.29000000,42450.00000000,42559.33000000,725.31326000,12-01-2022 09:59,30884198.92592310,27084,333.34942000,14194670.36812680,0
12-01-22 10:00,42559.34000000,42679.76000000,42494.72000000,42605.02000000,631.48372000,12-01-2022 10:59,26896549.07748410,23029,346.80274000,14771535.55041850,0
12-01-22 11:00,42605.01000000,42733.87000000,42518.97000000,42629.90000000,784.28575000,12-01-2022 11:59,33418353.15314910,28694,410.76103000,17503827.76861200,0
12-01-22 12:00,42629.91000000,42773.64000000,42560.00000000,42705.51000000,652.00214000,12-01-2022 12:59,27829594.35701310,24823,312.03295000,13318980.23416180,0
12-01-22 13:00,42705.51000000,42867.55000000,42600.01000000,42675.55000000,951.67503000,12-01-2022 13:59,40638168.86203430,32380,486.55144000,20778196.92178030,0
12-01-22 14:00,42675.54000000,42675.55000000,42463.13000000,42561.67000000,948.81146000,12-01-2022 14:59,40369265.64187850,34267,467.33174000,19881073.96626120,0
12-01-22 15:00,42561.66000000,42717.57000000,42508.69000000,42603.51000000,869.57762000,12-01-2022 15:59,37066815.96474700,33323,436.50964000,18607759.09795210,0
12-01-22 16:00,42603.51000000,42909.92000000,42565.99000000,42796.83000000,1281.02538000,12-01-2022 16:59,54753989.86187780,40115,665.68524000,28453142.98494070,0
12-01-22 17:00,42796.84000000,42990.01000000,42735.20000000,42765.18000000,1451.62564000,12-01-2022 17:59,62213321.51527270,43403,713.59470000,30587324.62774740,0
12-01-22 18:00,42765.18000000,43443.60000000,42683.21000000,42935.92000000,2646.33241000,12-01-2022 18:59,114029526.09020420,68158,1483.64809000,63952044.69550610,0
12-01-22 19:00,42935.92000000,43301.50000000,42874.01000000,43285.51000000,2409.05723000,12-01-2022 19:59,103849834.90205030,62728,1272.62562000,54861901.71637010,0
12-01-22 20:00,43285.52000000,44078.40000000,43187.60000000,43920.97000000,5227.41461000,12-01-2022 20:59,228425829.09647380,109862,2838.45145000,124048277.39049050,0
12-01-22 21:00,43920.96000000,43957.00000000,43676.18000000,43849.54000000,2481.51783000,12-01-2022 21:59,108670859.84666530,63772,1303.76395000,57091148.75902290,0
12-01-22 22:00,43849.55000000,43933.00000000,43401.01000000,43560.29000000,2155.48087000,12-01-2022 22:59,94133585.09092070,69567,1033.03931000,45128431.01426850,0
12-01-22 23:00,43560.29000000,43688.50000000,43317.00000000,43611.02000000,1613.92113000,12-01-2022 23:59,70269743.49078490,55282,781.78307000,34042192.65227980,0
13-01-22 00:00,43611.03000000,43867.19000000,43481.73000000,43841.57000000,1161.08120000,13-01-2022 00:59,50725984.04133380,39331,603.71455000,26382897.81766150,0
13-01-22 01:00,43841.56000000,43886.26000000,43567.26000000,43589.98000000,1048.28546000,13-01-2022 01:59,45849395.71248530,34824,515.03405000,22529476.54511350,0
13-01-22 02:00,43589.97000000,43760.94000000,43526.30000000,43743.11000000,778.36522000,13-01-2022 02:59,33954578.39333650,30775,369.37749000,16113375.97311900,0
13-01-22 03:00,43743.10000000,43993.66000000,43629.39000000,43819.17000000,1258.22966000,13-01-2022 03:59,55121056.72016010,34412,681.61023000,29866530.21769730,0
13-01-22 04:00,43819.16000000,44322.00000000,43734.55000000,43773.09000000,1786.14248000,13-01-2022 04:59,78590024.27191930,52806,969.68959000,42682249.13938120,0
13-01-22 05:00,43776.60000000,43948.99000000,43742.97000000,43842.95000000,574.66169000,13-01-2022 05:59,25196663.95996560,27549,293.61812000,12873890.06958340,0
13-01-22 06:00,43842.94000000,44032.19000000,43817.35000000,43902.66000000,777.15978000,13-01-2022 06:59,34151120.47252320,27507,404.56748000,17777942.98976610,0
13-01-22 07:00,43902.65000000,44075.42000000,43670.00000000,43720.00000000,1234.16915000,13-01-2022 07:59,54148672.99687310,35625,533.96344000,23422697.84953490,0
13-01-22 08:00,43720.00000000,43808.88000000,43516.92000000,43548.57000000,992.52709000,13-01-2022 08:59,43311619.38252760,35572,468.76645000,20455448.73147900,0
13-01-22 09:00,43548.58000000,43684.28000000,43534.07000000,43587.63000000,615.45639000,13-01-2022 09:59,26839868.46576480,26799,295.82476000,12901101.81716410,0
13-01-22 10:00,43587.62000000,43646.87000000,43422.72000000,43509.93000000,1137.48460000,13-01-2022 10:59,49477943.57324740,41703,490.08352000,21316800.92593130,0
13-01-22 11:00,43505.99000000,43719.99000000,43483.20000000,43623.02000000,849.79404000,13-01-2022 11:59,37072091.76824530,35422,475.50902000,20744557.84207290,0
13-01-22 12:00,43623.01000000,43763.57000000,43579.36000000,43662.68000000,571.73768000,13-01-2022 12:59,24956434.82775440,28369,293.01516000,12789972.81849270,0
13-01-22 13:00,43662.68000000,43795.44000000,43642.94000000,43708.42000000,1073.35534000,13-01-2022 13:59,46925611.76777150,34018,550.01771000,24043968.03766760,0
13-01-22 14:00,43708.42000000,43764.98000000,43537.42000000,43699.99000000,836.91713000,13-01-2022 14:59,36549628.38320830,31259,356.91745000,15587888.46740260,0
13-01-22 15:00,43699.99000000,43898.33000000,43668.87000000,43896.44000000,1060.63413000,13-01-2022 15:59,46464639.46580960,43172,549.93666000,24093472.52411570,0
13-01-22 16:00,43896.43000000,43991.78000000,43740.01000000,43883.00000000,1022.25878000,13-01-2022 16:59,44810826.75373360,36900,534.82818000,23445325.82178010,0
13-01-22 17:00,43883.00000000,44014.51000000,43756.20000000,43780.25000000,1099.07320000,13-01-2022 17:59,48244303.82418240,36401,518.94256000,22777845.34310240,0
13-01-22 18:00,43780.25000000,43830.68000000,43500.00000000,43602.31000000,1425.68774000,13-01-2022 18:59,62251301.06613020,42541,698.24582000,30493003.57925850,0
13-01-22 19:00,43603.58000000,43811.00000000,43575.05000000,43803.16000000,768.79720000,13-01-2022 19:59,33623823.04080380,39607,422.35459000,18469812.96348850,0
13-01-22 20:00,43803.16000000,43939.00000000,43659.21000000,43924.62000000,1023.65180000,13-01-2022 20:59,44845242.18695290,33533,532.74745000,23341806.56259780,0
13-01-22 21:00,43924.61000000,44500.00000000,43840.28000000,44154.52000000,4866.88512000,13-01-2022 21:59,214886573.61189430,90113,2711.09545000,119734383.95281480,0
13-01-22 22:00,44154.52000000,44211.00000000,42871.01000000,43200.00000000,4892.54873000,13-01-2022 22:59,211929611.43779990,113714,2172.07706000,94013064.31503720,0
13-01-22 23:00,43200.01000000,43500.00000000,43070.42000000,43250.89000000,1782.99397000,13-01-2022 23:59,77162260.11527300,53370,873.16513000,37798078.87637960,0
14-01-22 00:00,43250.92000000,43255.04000000,42565.01000000,42822.12000000,2807.09484000,14-01-2022 00:59,120218429.04753080,66384,1365.97747000,58502647.69258140,0
14-01-22 01:00,42822.12000000,42962.96000000,42628.38000000,42709.29000000,1040.60187000,14-01-2022 01:59,44565333.89165670,35245,518.45531000,22204183.34025180,0
14-01-22 02:00,42709.29000000,42896.81000000,42535.00000000,42700.67000000,1314.97413000,14-01-2022 02:59,56130158.87222660,40450,650.50276000,27767543.03720610,0
14-01-22 03:00,42700.67000000,42796.18000000,42311.22000000,42796.18000000,1918.71560000,14-01-2022 03:59,81555266.44708670,45809,996.12415000,42341044.92657730,0
14-01-22 04:00,42796.18000000,42879.76000000,42664.14000000,42810.99000000,871.73458000,14-01-2022 04:59,37295927.59954020,28218,405.18081000,17335399.82579510,0
14-01-22 05:00,42810.99000000,42888.18000000,42466.64000000,42594.37000000,770.26146000,14-01-2022 05:59,32883344.07439640,30427,354.11932000,15115434.92157130,0
14-01-22 06:00,42597.02000000,42771.94000000,42500.00000000,42560.11000000,933.52305000,14-01-2022 06:59,39795612.89508530,31583,407.55564000,17379639.07181050,0
14-01-22 07:00,42558.35000000,42784.00000000,42362.91000000,42750.66000000,1160.43813000,14-01-2022 07:59,49447493.60212850,37254,611.57689000,26057651.40498140,0
14-01-22 08:00,42750.66000000,42777.17000000,42541.81000000,42581.12000000,1138.08119000,14-01-2022 08:59,48536589.47514130,31382,564.70010000,24082721.39981840,0
14-01-22 09:00,42581.12000000,42728.08000000,42425.03000000,42713.89000000,1136.25985000,14-01-2022 09:59,48375744.69848730,29997,558.85182000,23796700.98407390,0
14-01-22 10:00,42713.89000000,42738.47000000,42572.02000000,42623.87000000,1100.14262000,14-01-2022 10:59,46924188.92376780,28767,470.30467000,20057887.64219420,0
14-01-22 11:00,42623.87000000,42880.00000000,42610.02000000,42680.28000000,937.36417000,14-01-2022 11:59,40063618.64111700,28329,533.43447000,22799807.78374450,0
14-01-22 12:00,42679.00000000,42905.15000000,42640.01000000,42894.92000000,871.32726000,14-01-2022 12:59,37268869.57470420,28015,479.88203000,20521562.82812180,0
14-01-22 13:00,42895.00000000,42978.10000000,42776.73000000,42810.22000000,961.01177000,14-01-2022 13:59,41198775.74816820,33197,508.86370000,21816848.31542950,0
14-01-22 14:00,42810.22000000,42886.58000000,42599.99000000,42660.01000000,1246.12553000,14-01-2022 14:59,53246389.23946560,32965,443.02624000,18932906.34443590,0
14-01-22 15:00,42660.00000000,42678.82000000,42244.37000000,42519.99000000,1845.45077000,14-01-2022 15:59,78359907.52516470,48738,746.19402000,31689354.90867250,0
14-01-22 16:00,42519.99000000,42688.84000000,42450.20000000,42548.53000000,1013.53743000,14-01-2022 16:59,43156693.96322180,31912,493.54899000,21017633.63939760,0
14-01-22 17:00,42548.52000000,42611.63000000,41916.73000000,42075.29000000,2117.99354000,14-01-2022 17:59,89512841.34560870,61362,888.35836000,37550673.50937330,0
14-01-22 18:00,42075.29000000,42075.71000000,41826.82000000,42012.94000000,2651.35114000,14-01-2022 18:59,111232628.22824750,63968,1116.67806000,46846292.94282830,0
14-01-22 19:00,42012.94000000,42250.00000000,41725.95000000,42057.26000000,2023.37740000,14-01-2022 19:59,85075470.92977550,48951,994.21971000,41805043.62775610,0
14-01-22 20:00,42057.26000000,42321.23000000,42027.02000000,42165.00000000,1343.06319000,14-01-2022 20:59,56693036.23772600,40002,595.75368000,25143972.79409190,0
14-01-22 21:00,42165.01000000,43098.88000000,42117.81000000,42975.88000000,3013.09459000,14-01-2022 21:59,128350678.18138610,68743,1541.16924000,65672862.17971910,0
14-01-22 22:00,42975.89000000,43347.42000000,42772.92000000,43109.00000000,2617.86679000,14-01-2022 22:59,112798869.88663900,68790,1233.26320000,53147019.94958180,0
14-01-22 23:00,43109.00000000,43239.89000000,42863.00000000,43201.06000000,1549.41532000,14-01-2022 23:59,66749935.58294450,45168,766.99519000,33045669.29739120,0
15-01-22 00:00,43201.06000000,43270.96000000,42867.14000000,42913.26000000,1092.29876000,15-01-2022 00:59,47002909.68130680,35691,485.66572000,20898412.21579190,0
15-01-22 01:00,42913.26000000,43114.71000000,42777.00000000,43050.04000000,977.46771000,15-01-2022 01:59,41937757.36299090,32181,480.62075000,20620160.80320950,0
15-01-22 02:00,43050.04000000,43408.00000000,43004.16000000,43077.93000000,1012.43580000,15-01-2022 02:59,43721469.80513030,36110,530.56205000,22915215.82789960,0
15-01-22 03:00,43077.93000000,43189.86000000,43000.00000000,43100.94000000,624.56688000,15-01-2022 03:59,26910958.48190140,27922,326.56111000,14070948.82379970,0
15-01-22 04:00,43100.94000000,43448.78000000,43096.68000000,43293.89000000,831.62056000,15-01-2022 04:59,35975715.64097430,31830,411.81967000,17815968.81243410,0
15-01-22 05:00,43296.29000000,43393.75000000,43170.59000000,43250.56000000,714.78841000,15-01-2022 05:59,30926148.76508130,28014,335.12660000,14499875.39595590,0
15-01-22 06:00,43250.56000000,43286.70000000,43003.00000000,43059.96000000,661.80411000,15-01-2022 06:59,28533751.82908870,27650,317.01318000,13667194.81254540,0
15-01-22 07:00,43059.96000000,43174.00000000,42907.00000000,43100.01000000,776.16721000,15-01-2022 07:59,33399263.04663140,30347,390.07658000,16785696.75767520,0
15-01-22 08:00,43100.00000000,43150.00000000,42864.49000000,42967.80000000,712.20009000,15-01-2022 08:59,30624620.93996490,26843,323.43435000,13906574.37807790,0
15-01-22 09:00,42967.80000000,43090.00000000,42910.36000000,43090.00000000,659.69825000,15-01-2022 09:59,28365923.39142640,24942,299.26388000,12869522.71906480,0
15-01-22 10:00,43089.99000000,43121.05000000,42905.07000000,42927.96000000,825.12891000,15-01-2022 10:59,35501201.92754010,26171,389.24154000,16747285.73226730,0
15-01-22 11:00,42927.95000000,42961.46000000,42712.94000000,42907.71000000,1023.29118000,15-01-2022 11:59,43854254.66142210,31303,448.90479000,19238012.64938610,0
15-01-22 12:00,42907.72000000,43050.00000000,42820.68000000,42985.96000000,590.35999000,15-01-2022 12:59,25345473.93581830,24480,287.54605000,12345342.03126850,0
15-01-22 13:00,42985.97000000,43099.81000000,42873.53000000,43068.40000000,714.87178000,15-01-2022 13:59,30724260.67715670,23937,367.16760000,15779800.74912610,0
15-01-22 14:00,43068.40000000,43093.17000000,42928.78000000,43088.12000000,532.25493000,15-01-2022 14:59,22889472.83773760,25950,265.80802000,11430892.05774430,0
15-01-22 15:00,43088.12000000,43117.18000000,42956.00000000,42983.95000000,691.57797000,15-01-2022 15:59,29762502.07857230,23901,266.92228000,11489504.24498770,0
15-01-22 16:00,42983.94000000,43088.99000000,42884.01000000,43061.70000000,599.96966000,15-01-2022 16:59,25777130.31975320,25912,287.65911000,12360223.80287570,0
15-01-22 17:00,43061.70000000,43283.83000000,43002.02000000,43096.75000000,805.08877000,15-01-2022 17:59,34751179.21077260,30045,416.22587000,17965750.08286250,0
15-01-22 18:00,43096.75000000,43108.65000000,42958.67000000,43017.59000000,503.07822000,15-01-2022 18:59,21651363.43615120,25140,242.60037000,10440720.06315430,0
15-01-22 19:00,43017.59000000,43039.72000000,42555.00000000,42715.56000000,1441.46489000,15-01-2022 19:59,61700499.13177170,46037,681.61964000,29178546.69887230,0
15-01-22 20:00,42715.57000000,42973.28000000,42641.01000000,42906.51000000,846.44473000,15-01-2022 20:59,36255569.96922490,33360,446.55262000,19125204.66795470,0
15-01-22 21:00,42906.51000000,43315.00000000,42735.16000000,43186.48000000,1588.49558000,15-01-2022 21:59,68372663.99793270,46665,817.69041000,35192140.24778640,0
15-01-22 22:00,43186.47000000,43406.96000000,43077.79000000,43401.21000000,1104.13621000,15-01-2022 22:59,47745017.58330990,35928,582.85017000,25206182.06199440,0
15-01-22 23:00,43401.21000000,43430.98000000,43233.33000000,43338.22000000,1202.39500000,15-01-2022 23:59,52095036.51559600,34779,645.12067000,27950592.70367010,0
16-01-22 00:00,43338.21000000,43564.15000000,43251.61000000,43383.26000000,1662.49082000,16-01-2022 00:59,72126375.98549560,47198,988.64552000,42890840.54994100,0
16-01-22 01:00,43383.26000000,43391.11000000,43243.39000000,43334.93000000,992.47394000,16-01-2022 01:59,42998417.39843670,34276,537.04048000,23267305.91997930,0
16-01-22 02:00,43334.92000000,43554.79000000,43320.23000000,43528.34000000,712.82520000,16-01-2022 02:59,30952601.85882080,26690,395.04164000,17153036.02590520,0
16-01-22 03:00,43528.33000000,43800.00000000,43468.08000000,43485.00000000,1507.31496000,16-01-2022 03:59,65784732.16646930,44710,791.19012000,34529698.87025340,0
16-01-22 04:00,43485.00000000,43524.98000000,43160.23000000,43296.72000000,1085.45431000,16-01-2022 04:59,47058556.26137510,30763,578.27542000,25075753.73532890,0
16-01-22 05:00,43296.72000000,43398.40000000,43123.11000000,43237.40000000,627.40888000,16-01-2022 05:59,27137993.82801290,27242,303.69446000,13133938.26805230,0
16-01-22 06:00,43237.39000000,43375.00000000,43071.11000000,43084.29000000,731.46468000,16-01-2022 06:59,31614152.38905570,26069,380.61456000,16453922.16673950,0
16-01-22 07:00,43084.29000000,43117.50000000,42990.83000000,43069.70000000,772.86732000,16-01-2022 07:59,33273015.14131890,33783,371.44143000,15991067.24844370,0
16-01-22 08:00,43069.69000000,43153.63000000,42985.81000000,42996.99000000,405.42110000,16-01-2022 08:59,17455120.47048080,21592,202.69851000,8726753.76006400,0
16-01-22 09:00,42996.99000000,43087.18000000,42838.00000000,42923.66000000,1069.09285000,16-01-2022 09:59,45958315.29010100,32212,483.50574000,20784007.78566960,0
16-01-22 10:00,42922.93000000,43046.84000000,42861.49000000,42977.22000000,535.91601000,16-01-2022 10:59,23020443.90156580,23855,290.29271000,12469318.87832530,0
16-01-22 11:00,42977.22000000,43089.00000000,42850.16000000,43023.02000000,645.90962000,16-01-2022 11:59,27772714.94782880,23835,317.65806000,13660186.40061560,0
16-01-22 12:00,43023.57000000,43123.43000000,42953.17000000,42958.69000000,438.98823000,16-01-2022 12:59,18904253.51913160,20738,212.18805000,9138052.05732940,0
16-01-22 13:00,42953.17000000,43225.86000000,42925.88000000,43200.00000000,571.91117000,16-01-2022 13:59,24657099.14254900,24431,297.90801000,12843499.35341010,0
16-01-22 14:00,43200.00000000,43253.68000000,43117.24000000,43202.21000000,607.30016000,16-01-2022 14:59,26239748.98861210,26790,305.61414000,13204513.12490920,0
16-01-22 15:00,43202.21000000,43305.00000000,43059.99000000,43070.27000000,1312.70440000,16-01-2022 15:59,56677239.11292160,45715,500.53052000,21611249.40876120,0
16-01-22 16:00,43070.26000000,43131.37000000,43028.02000000,43074.99000000,1019.20468000,16-01-2022 16:59,43915511.97409850,42690,453.61210000,19543857.37999470,0
16-01-22 17:00,43074.99000000,43185.71000000,42868.31000000,42899.99000000,1172.94515000,16-01-2022 17:59,50473819.97716250,32596,581.50968000,25021340.23107850,0
16-01-22 18:00,42900.00000000,43042.67000000,42759.00000000,42968.29000000,1203.68411000,16-01-2022 18:59,51612570.86213960,36680,608.82429000,26105984.19030070,0
16-01-22 19:00,42968.30000000,43141.55000000,42954.16000000,43005.93000000,644.99288000,16-01-2022 19:59,27773604.32156240,29116,338.15173000,14562230.25256630,0
16-01-22 20:00,43005.93000000,43187.87000000,42581.79000000,43129.54000000,2260.54268000,16-01-2022 20:59,96871787.59208660,52973,1065.73340000,45679419.56500200,0
16-01-22 21:00,43129.54000000,43416.05000000,43026.70000000,43300.02000000,1422.48883000,16-01-2022 21:59,61527512.68936580,43894,800.75443000,34640957.09696000,0
16-01-22 22:00,43300.01000000,43350.00000000,43139.24000000,43219.53000000,997.18364000,16-01-2022 22:59,43101483.06069100,32823,469.70436000,20305760.53236910,0
16-01-22 23:00,43219.54000000,43475.00000000,43172.01000000,43381.45000000,947.19620000,16-01-2022 23:59,41064286.37648610,35446,480.73559000,20840377.58495480,0
17-01-22 00:00,43381.46000000,43428.83000000,43051.08000000,43071.88000000,762.74405000,17-01-2022 00:59,32961045.37408380,28145,383.99138000,16591819.23984880,0
17-01-22 01:00,43071.88000000,43126.04000000,42969.32000000,43066.80000000,620.03999000,17-01-2022 01:59,26696015.11985770,25131,297.42151000,12805927.11607730,0
17-01-22 02:00,43066.79000000,43081.28000000,42790.02000000,42824.79000000,960.43526000,17-01-2022 02:59,41199967.15159760,29466,473.62199000,20313201.77228360,0
17-01-22 03:00,42824.79000000,43117.05000000,42750.25000000,43029.01000000,763.88888000,17-01-2022 03:59,32807972.48389020,28288,404.10399000,17360058.56569730,0
17-01-22 04:00,43029.06000000,43093.01000000,42900.70000000,42951.01000000,417.16364000,17-01-2022 04:59,17929388.01124690,18970,211.28855000,9080325.40470470,0
17-01-22 05:00,42951.02000000,43245.00000000,42940.00000000,43190.01000000,523.45493000,17-01-2022 05:59,22588374.69765580,22151,267.12189000,11526563.58986760,0
17-01-22 06:00,43190.00000000,43263.15000000,43048.20000000,43071.66000000,526.27693000,17-01-2022 06:59,22721843.84671270,20851,233.78085000,10093469.13463080,0
17-01-22 07:00,43071.66000000,43176.18000000,42871.65000000,42891.12000000,732.88601000,17-01-2022 07:59,31532000.21461520,27122,406.85553000,17510874.64377130,0
17-01-22 08:00,42891.11000000,42946.93000000,42810.00000000,42894.05000000,787.82091000,17-01-2022 08:59,33769808.87649870,25304,383.94184000,16456884.39038710,0
17-01-22 09:00,42894.05000000,43000.00000000,42785.85000000,42918.60000000,642.62375000,17-01-2022 09:59,27549854.46797620,27159,331.13904000,14198513.75535280,0
17-01-22 10:00,42918.60000000,42981.46000000,42624.11000000,42647.40000000,903.82874000,17-01-2022 10:59,38644284.44500200,33673,370.82016000,15860550.68337260,0
17-01-22 11:00,42647.40000000,42807.95000000,42601.00000000,42622.99000000,1238.00312000,17-01-2022 11:59,52865782.70035110,44242,673.34067000,28755213.54810090,0
17-01-22 12:00,42622.99000000,42699.00000000,42300.00000000,42664.68000000,1505.02026000,17-01-2022 12:59,63947632.42387180,47658,726.18557000,30853771.14404000,0
17-01-22 13:00,42664.68000000,42865.58000000,42643.58000000,42748.92000000,789.67982000,17-01-2022 13:59,33768927.03340180,27411,386.27074000,16517362.86880190,0
17-01-22 14:00,42748.92000000,42967.99000000,42643.00000000,42656.03000000,783.37561000,17-01-2022 14:59,33535195.30496970,29187,395.72781000,16942042.87701830,0
17-01-22 15:00,42656.03000000,42866.48000000,42567.93000000,42790.35000000,927.53690000,17-01-2022 15:59,39638044.42311870,32077,452.19343000,19324149.90569230,0
17-01-22 16:00,42790.35000000,42900.00000000,42726.81000000,42838.94000000,1080.50371000,17-01-2022 16:59,46258055.06270490,38600,464.33075000,19879236.62145110,0
17-01-22 17:00,42838.94000000,42894.99000000,42629.56000000,42795.11000000,774.13875000,17-01-2022 17:59,33117261.17049720,32941,367.98487000,15741703.56884490,0
17-01-22 18:00,42795.11000000,42842.79000000,42646.90000000,42671.31000000,739.07400000,17-01-2022 18:59,31583505.83440370,28916,355.35383000,15186963.38467590,0
17-01-22 19:00,42671.30000000,42793.16000000,42429.02000000,42550.09000000,1202.17533000,17-01-2022 19:59,51233170.80371090,43006,601.48700000,25638167.72321030,0
17-01-22 20:00,42550.09000000,42694.99000000,42500.18000000,42646.38000000,921.17076000,17-01-2022 20:59,39238601.76917120,37665,507.60495000,21624069.42388090,0
17-01-22 21:00,42646.37000000,42741.97000000,42553.82000000,42661.71000000,722.90114000,17-01-2022 21:59,30835541.59646360,29508,348.35599000,14859807.01482000,0
17-01-22 22:00,42661.73000000,42686.68000000,42385.00000000,42477.66000000,1332.14094000,17-01-2022 22:59,56653245.50456780,42305,641.93409000,27301663.67597940,0
17-01-22 23:00,42477.67000000,42538.47000000,42122.05000000,42217.03000000,2462.67736000,17-01-2022 23:59,104174585.45479170,64758,1233.36120000,52180642.66327610,0
18-01-22 00:00,42217.02000000,42249.94000000,41950.00000000,42110.83000000,2484.08812000,18-01-2022 00:59,104600889.20577140,65123,1245.94877000,52472460.90061580,0
18-01-22 01:00,42110.84000000,42299.00000000,41822.74000000,42174.65000000,2307.10775000,18-01-2022 01:59,96926189.55687920,55818,1061.85434000,44620280.18281920,0
18-01-22 02:00,42174.66000000,42318.61000000,42095.69000000,42238.31000000,858.93504000,18-01-2022 02:59,36250366.43213150,31924,394.75513000,16663319.07285380,0
18-01-22 03:00,42238.31000000,42306.96000000,42013.12000000,42083.47000000,698.70792000,18-01-2022 03:59,29467600.52863800,28187,349.52747000,14740883.38176930,0
18-01-22 04:00,42078.64000000,42148.21000000,41609.78000000,41724.20000000,1463.10962000,18-01-2022 04:59,61175280.51919490,46727,666.48837000,27867838.01821120,0
18-01-22 05:00,41724.19000000,42392.66000000,41540.42000000,42077.19000000,1535.65406000,18-01-2022 05:59,64400437.87628790,54016,768.43299000,32222697.75090060,0
18-01-22 06:00,42077.18000000,42296.14000000,42049.38000000,42201.62000000,668.92651000,18-01-2022 06:59,28215423.26182440,24702,314.64738000,13271378.77298360,0
18-01-22 07:00,42201.63000000,42418.00000000,42129.97000000,42361.80000000,1131.74087000,18-01-2022 07:59,47871466.94043900,35177,565.44102000,23914891.79104190,0
18-01-22 08:00,42361.80000000,42436.66000000,42167.70000000,42260.90000000,1088.23648000,18-01-2022 08:59,46016437.15336690,27720,498.66223000,21082243.95122350,0
18-01-22 09:00,42260.90000000,42302.19000000,42142.85000000,42272.03000000,1166.27901000,18-01-2022 09:59,49239331.76971390,34406,468.51573000,19778581.23028310,0
18-01-22 10:00,42272.04000000,42298.47000000,41972.71000000,42040.54000000,1164.10379000,18-01-2022 10:59,49051046.94386220,36384,470.79120000,19837239.68308830,0
18-01-22 11:00,42040.53000000,42099.19000000,41886.25000000,42033.75000000,1440.30064000,18-01-2022 11:59,60491415.53413290,37650,680.17916000,28568891.76113860,0
18-01-22 12:00,42033.75000000,42191.02000000,41980.00000000,42097.25000000,986.83607000,18-01-2022 12:59,41551500.44070620,29118,466.34946000,19634505.75915990,0
18-01-22 13:00,42097.25000000,42337.30000000,42097.25000000,42236.07000000,619.17543000,18-01-2022 13:59,26155830.55391060,26760,333.17705000,14074392.40622280,0
18-01-22 14:00,42236.07000000,42276.38000000,41951.14000000,42061.94000000,1088.80389000,18-01-2022 14:59,45800039.81241140,36423,628.88679000,26452518.62268030,0
18-01-22 15:00,42065.42000000,42065.42000000,41639.51000000,41718.73000000,2003.03000000,18-01-2022 15:59,83784018.11693000,59524,1017.89827000,42585859.85588170,0
18-01-22 16:00,41718.73000000,41990.93000000,41453.00000000,41903.48000000,2143.90549000,18-01-2022 16:59,89465106.29810420,56768,991.90586000,41410499.93601340,0
18-01-22 17:00,41903.48000000,42050.00000000,41829.21000000,41924.72000000,775.47077000,18-01-2022 17:59,32545950.61520900,28279,413.73219000,17364185.69877270,0
18-01-22 18:00,41924.73000000,41930.00000000,41694.54000000,41854.14000000,1100.87011000,18-01-2022 18:59,46017429.53566700,34557,520.64426000,21763675.34907330,0
18-01-22 19:00,41854.13000000,41950.00000000,41628.29000000,41807.52000000,866.77803000,18-01-2022 19:59,36190241.77397970,32388,444.09838000,18543606.63131670,0
18-01-22 20:00,41807.52000000,41842.84000000,41400.00000000,41654.09000000,1490.11393000,18-01-2022 20:59,61917688.49124560,46572,717.87200000,29829128.47073320,0
18-01-22 21:00,41654.10000000,41689.39000000,41250.00000000,41449.34000000,2059.21594000,18-01-2022 21:59,85361761.24079370,60130,1056.31457000,43792460.48331280,0
18-01-22 22:00,41449.34000000,41842.96000000,41320.81000000,41587.27000000,1864.50617000,18-01-2022 22:59,77631138.12406910,49539,996.58817000,41500309.19254460,0
18-01-22 23:00,41587.26000000,41799.08000000,41381.66000000,41706.66000000,1248.53654000,18-01-2022 23:59,51931109.72235840,40453,628.93059000,26161002.09068490,0
19-01-22 00:00,41710.84000000,41737.38000000,41470.00000000,41489.04000000,906.15261000,19-01-2022 00:59,37673264.64927300,33541,425.60484000,17694979.17000440,0
19-01-22 01:00,41489.04000000,41672.01000000,41385.79000000,41607.37000000,929.00652000,19-01-2022 01:59,38543615.60669700,33411,483.53195000,20061023.82411890,0
19-01-22 02:00,41607.36000000,41770.80000000,41585.00000000,41699.61000000,683.74853000,19-01-2022 02:59,28501984.66466020,25340,370.49670000,15443982.40966570,0
19-01-22 03:00,41695.59000000,41784.97000000,41500.99000000,41784.27000000,729.04646000,19-01-2022 03:59,30350574.66005430,25314,347.54086000,14470026.80613150,0
19-01-22 04:00,41784.97000000,42484.08000000,41715.20000000,42369.92000000,2007.79475000,19-01-2022 04:59,84695301.06455560,53743,1099.13999000,46355598.82214380,0
19-01-22 05:00,42369.92000000,42691.00000000,42229.35000000,42480.96000000,1058.92433000,19-01-2022 05:59,44918061.47420300,38261,543.32323000,23051219.06600410,0
19-01-22 06:00,42480.96000000,42560.91000000,42334.88000000,42352.12000000,771.50621000,19-01-2022 06:59,32755372.21310290,23603,358.19921000,15208131.60588580,0
19-01-22 07:00,42352.12000000,42482.51000000,42163.02000000,42252.73000000,895.72209000,19-01-2022 07:59,37888329.99536150,27214,420.41417000,17783033.31157560,0
19-01-22 08:00,42246.51000000,42458.87000000,42246.32000000,42420.18000000,887.62908000,19-01-2022 08:59,37621338.52064580,22854,423.67206000,17955403.94696660,0
19-01-22 09:00,42420.17000000,42500.00000000,42291.31000000,42333.81000000,677.01377000,19-01-2022 09:59,28701270.55659350,23380,317.44455000,13457973.19253060,0
19-01-22 10:00,42340.23000000,42341.56000000,41582.99000000,41706.41000000,2078.03109000,19-01-2022 10:59,87125635.53280210,51373,986.52683000,41341959.57736700,0
19-01-22 11:00,41706.41000000,41807.97000000,41587.53000000,41712.02000000,1173.43626000,19-01-2022 11:59,48913207.53985240,31372,613.29860000,25563784.72128140,0
19-01-22 12:00,41712.01000000,41809.72000000,41651.09000000,41762.55000000,954.75233000,19-01-2022 12:59,39849691.65089580,24693,408.85462000,17064526.09369850,0
19-01-22 13:00,41765.99000000,41849.94000000,41674.98000000,41710.59000000,713.08843000,19-01-2022 13:59,29788088.73649210,23476,313.71658000,13103756.66561300,0
19-01-22 14:00,41710.59000000,41710.59000000,41161.20000000,41287.10000000,1996.21320000,19-01-2022 14:59,82536158.01461330,57148,889.24469000,36767403.51875860,0
19-01-22 15:00,41287.10000000,41400.00000000,41138.56000000,41368.68000000,1604.62511000,19-01-2022 15:59,66222884.20083980,45657,828.44715000,34187534.01256480,0
19-01-22 16:00,41368.68000000,41672.39000000,41324.67000000,41573.59000000,1248.91310000,19-01-2022 16:59,51851655.74609230,35394,661.95734000,27481439.51956930,0
19-01-22 17:00,41573.59000000,41616.52000000,41290.00000000,41505.53000000,1348.84706000,19-01-2022 17:59,55905418.69202420,35186,669.20064000,27731381.37434150,0
19-01-22 18:00,41509.06000000,42178.48000000,41498.42000000,42033.00000000,2283.17846000,19-01-2022 18:59,95683815.34454450,57003,1180.90594000,49481514.97064550,0
19-01-22 19:00,42033.00000000,42272.71000000,41893.62000000,42094.99000000,1326.28832000,19-01-2022 19:59,55836311.77008670,40841,641.24610000,26997766.61255190,0
19-01-22 20:00,42094.99000000,42332.07000000,42000.00000000,42191.85000000,1585.17043000,19-01-2022 20:59,66860478.98835090,44969,756.61021000,31910361.12856320,0
19-01-22 21:00,42191.85000000,42559.13000000,42057.19000000,42495.38000000,2215.91843000,19-01-2022 21:59,93863095.83443450,55359,1240.67752000,52558322.39253970,0
19-01-22 22:00,42495.38000000,42532.65000000,41832.13000000,41981.27000000,2091.32589000,19-01-2022 22:59,88181035.76441700,61717,1008.11357000,42506611.04207560,0
19-01-22 23:00,41981.27000000,42052.48000000,41697.46000000,41912.76000000,1519.92073000,19-01-2022 23:59,63568304.44202680,52723,716.75133000,29976842.85195010,0
20-01-22 00:00,41912.77000000,42355.90000000,41900.84000000,42151.01000000,2177.72567000,20-01-2022 00:59,91812710.17340850,52405,1283.51239000,54112153.04314700,0
20-01-22 01:00,42151.00000000,42235.04000000,41876.58000000,42005.00000000,908.24200000,20-01-2022 01:59,38187204.81864220,32546,459.84392000,19331989.61241580,0
20-01-22 02:00,42005.00000000,42049.36000000,41746.23000000,41873.79000000,851.45311000,20-01-2022 02:59,35612530.07266450,34028,423.87359000,17730183.65772000,0
20-01-22 03:00,41872.45000000,41961.51000000,41548.00000000,41631.40000000,1063.82649000,20-01-2022 03:59,44351354.50525280,34854,493.86900000,20590205.88879590,0
20-01-22 04:00,41629.35000000,41841.07000000,41627.25000000,41712.22000000,794.85516000,20-01-2022 04:59,33171446.36661460,32348,340.20096000,14197545.35392550,0
20-01-22 05:00,41712.22000000,41993.98000000,41637.63000000,41976.88000000,703.16640000,20-01-2022 05:59,29426260.83959320,25303,314.00244000,13139820.77057620,0
20-01-22 06:00,41976.89000000,41989.42000000,41635.24000000,41660.01000000,586.37898000,20-01-2022 06:59,24520231.05398080,22685,211.35884000,8836088.41333260,0
20-01-22 07:00,41660.00000000,41860.55000000,41639.88000000,41828.24000000,725.50552000,20-01-2022 07:59,30301935.73409760,25120,335.37571000,14006408.22173870,0
20-01-22 08:00,41828.23000000,41877.55000000,41655.82000000,41769.99000000,883.34090000,20-01-2022 08:59,36885826.88327910,30742,425.63737000,17771627.92753180,0
20-01-22 09:00,41770.00000000,42068.91000000,41766.69000000,41983.27000000,862.98405000,20-01-2022 09:59,36201848.84510350,30652,461.14683000,19340911.91158090,0
20-01-22 10:00,41983.26000000,42082.26000000,41880.07000000,41924.97000000,769.11255000,20-01-2022 10:59,32259961.35863720,26822,321.91909000,13502827.74181390,0
20-01-22 11:00,41924.97000000,41989.30000000,41861.02000000,41884.17000000,780.73780000,20-01-2022 11:59,32719545.25460900,27302,365.12770000,15302039.96475530,0
20-01-22 12:00,41884.17000000,41948.96000000,41768.48000000,41879.20000000,946.48571000,20-01-2022 12:59,39612336.09003180,32494,434.50137000,18183775.64834420,0
20-01-22 13:00,41879.19000000,42052.11000000,41871.10000000,42009.07000000,1209.73106000,20-01-2022 13:59,50807394.80846870,28581,579.28674000,24328254.06303940,0
20-01-22 14:00,42009.08000000,42148.00000000,41930.77000000,42058.31000000,665.60754000,20-01-2022 14:59,27965997.18858720,25310,365.98556000,15377149.00689730,0
20-01-22 15:00,42058.31000000,42084.91000000,41874.57000000,41966.58000000,592.15129000,20-01-2022 15:59,24837317.16099440,24681,270.64911000,11352419.80012590,0
20-01-22 16:00,41969.55000000,42085.00000000,41807.94000000,42053.53000000,831.48572000,20-01-2022 16:59,34877386.67909260,26521,439.07190000,18420253.13745220,0
20-01-22 17:00,42053.54000000,42149.39000000,42004.39000000,42105.29000000,888.07489000,20-01-2022 17:59,37370035.36161290,27166,491.18878000,20669975.58142140,0
20-01-22 18:00,42103.87000000,42232.76000000,42045.05000000,42129.44000000,837.12391000,20-01-2022 18:59,35271146.11676890,36294,437.29647000,18424924.65715620,0
20-01-22 19:00,42129.45000000,42131.71000000,41900.05000000,42033.76000000,1141.58213000,20-01-2022 19:59,47934221.11345940,36199,555.77912000,23336441.87698230,0
20-01-22 20:00,42033.77000000,42466.88000000,41970.19000000,42375.14000000,1980.38037000,20-01-2022 20:59,83740897.47854860,47209,1093.75696000,46255431.82969380,0
20-01-22 21:00,42374.09000000,43060.00000000,42368.77000000,42969.66000000,3692.57219000,20-01-2022 21:59,157725425.96036090,79562,2136.16416000,91209189.70328180,0
20-01-22 22:00,42969.67000000,43456.00000000,42936.91000000,43308.69000000,4058.16745000,20-01-2022 22:59,175431436.97759310,90092,2114.15340000,91399131.96364550,0
20-01-22 23:00,43308.70000000,43505.00000000,43144.84000000,43274.78000000,2473.72360000,20-01-2022 23:59,107197670.02852440,64205,1161.07416000,50319183.39229010,0
21-01-22 00:00,43274.77000000,43307.48000000,42985.54000000,43025.85000000,1396.99093000,21-01-2022 00:59,60269907.66638830,38714,676.94806000,29207910.43094500,0
21-01-22 01:00,43025.85000000,43090.04000000,42805.00000000,42834.19000000,1259.68649000,21-01-2022 01:59,54131841.07314510,33138,498.83732000,21439209.34005880,0
21-01-22 02:00,42834.19000000,43241.38000000,42808.55000000,42917.32000000,1365.17407000,21-01-2022 02:59,58693597.23987300,38805,669.45403000,28788811.85858120,0
21-01-22 03:00,42917.31000000,42996.64000000,42571.22000000,42723.71000000,1482.96957000,21-01-2022 03:59,63359823.39374930,35761,711.02633000,30379356.36998300,0
21-01-22 04:00,42723.72000000,42730.90000000,41309.00000000,41326.04000000,4756.00358000,21-01-2022 04:59,199235031.46866600,97568,1818.09393000,76129919.13564420,0
21-01-22 05:00,41326.04000000,41543.47000000,40860.00000000,41167.25000000,4147.20255000,21-01-2022 05:59,170967466.29832430,108313,1846.10310000,76159563.98517960,0
21-01-22 06:00,41164.57000000,41176.93000000,40553.31000000,40680.91000000,4583.54566000,21-01-2022 06:59,187003150.22457170,87510,1992.90271000,81324772.73064390,0
21-01-22 07:00,40680.92000000,41100.00000000,40404.00000000,40894.80000000,3247.34628000,21-01-2022 07:59,132266017.39700280,78779,1593.59371000,64920907.75792130,0
21-01-22 08:00,40894.81000000,40929.76000000,39730.00000000,39762.99000000,4172.35185000,21-01-2022 08:59,167646813.96888230,103208,1635.60219000,65730817.82014150,0
21-01-22 09:00,39763.00000000,40280.00000000,39267.86000000,39830.52000000,4354.45816700,21-01-2022 09:59,173305102.53489936,109017,2014.22213000,80233349.87548143,0
21-01-22 10:00,39835.99000000,39944.45000000,38220.00000000,38465.65000000,9508.82345500,21-01-2022 10:59,369463207.72501352,182135,4064.85870700,157884302.72659065,0
21-01-22 11:00,38465.65000000,39070.00000000,38437.15000000,38842.03000000,3091.42065000,21-01-2022 11:59,119927472.97849370,67648,1595.86108000,61912730.55474530,0
21-01-22 12:00,38842.03000000,38998.00000000,38700.19000000,38909.01000000,2658.65959000,21-01-2022 12:59,103242444.73971130,56423,1300.51484000,50509982.13880180,0
21-01-22 13:00,38909.01000000,38936.66000000,38536.87000000,38679.80000000,2090.99691000,21-01-2022 13:59,80971275.83668790,49333,1052.69269000,40753960.69796870,0
21-01-22 14:00,38680.01000000,39177.20000000,38465.67000000,39134.55000000,2102.96586000,21-01-2022 14:59,81684787.95900620,54592,1109.36811000,43118196.46378910,0
21-01-22 15:00,39136.31000000,39297.55000000,39006.71000000,39157.63000000,1916.83863000,21-01-2022 15:59,75019416.94964870,57620,892.53637000,34930015.56582250,0
21-01-22 16:00,39157.63000000,39189.63000000,38915.25000000,38959.77000000,1560.93293000,21-01-2022 16:59,60922353.60614630,45839,709.98216000,27709292.25723060,0
21-01-22 17:00,38959.77000000,39320.00000000,38848.35000000,38965.92000000,1604.74586000,21-01-2022 17:59,62569940.09967490,45060,895.78601000,34931905.22691150,0
21-01-22 18:00,38965.92000000,38979.20000000,38668.19000000,38898.18000000,1616.61558000,21-01-2022 18:59,62721414.85936900,46334,807.88929000,31348300.03391080,0
21-01-22 19:00,38898.19000000,38933.04000000,37710.00000000,38186.16000000,5714.99791300,21-01-2022 19:59,218164873.50986067,131613,2496.11578100,95341342.50236532,0
21-01-22 20:00,38186.16000000,38751.60000000,38150.03000000,38491.01000000,3898.63606000,21-01-2022 20:59,149830531.84009120,97886,1984.88941000,76306262.58618280,0
21-01-22 21:00,38491.01000000,38934.29000000,38253.48000000,38429.11000000,3134.16200000,21-01-2022 21:59,120729808.56936340,80750,1661.12297000,64008042.98311910,0
21-01-22 22:00,38429.12000000,39042.40000000,38103.13000000,38857.26000000,3629.43541000,21-01-2022 22:59,140120796.78601200,80361,1858.80727000,71781067.66860130,0
21-01-22 23:00,38857.24000000,39071.13000000,38514.00000000,38720.72000000,2224.01303000,21-01-2022 23:59,86249375.25817450,55462,1081.13495000,41929260.73578370,0
22-01-22 00:00,38720.72000000,38752.70000000,38284.84000000,38382.50000000,1904.82598000,22-01-2022 00:59,73242556.46293260,53918,986.33177000,37926909.86744430,0
22-01-22 01:00,38383.49000000,38644.02000000,37850.00000000,38265.12000000,2652.09840000,22-01-2022 01:59,101504683.32428180,67381,1306.98551000,50048607.87184590,0
22-01-22 02:00,38268.42000000,38500.00000000,37946.00000000,37984.12000000,1421.77249000,22-01-2022 02:59,54348808.70041330,44615,666.46658000,25478400.57735480,0
22-01-22 03:00,37984.11000000,38470.00000000,37601.00000000,38355.16000000,4168.14597400,22-01-2022 03:59,158289845.58914879,87796,2059.58981000,78242299.84037030,0
22-01-22 04:00,38350.62000000,38464.36000000,36158.00000000,36682.23000000,9838.08395600,22-01-2022 04:59,364552652.65771425,199948,4109.69037500,152345547.51319435,0
22-01-22 05:00,36682.23000000,37201.16000000,35440.45000000,36117.60000000,7369.87121400,22-01-2022 05:59,267610991.31314543,184104,3140.83133600,114207110.87991014,0
22-01-22 06:00,36123.85000000,36890.00000000,35780.66000000,36445.31000000,4978.69381000,22-01-2022 06:59,181116530.55626300,112739,2590.21277000,94233173.55454470,0
22-01-22 07:00,36445.31000000,36835.22000000,36136.66000000,36487.96000000,2851.78214000,22-01-2022 07:59,104020735.51065590,74657,1487.13707000,54251899.80969740,0
22-01-22 08:00,36487.96000000,36619.71000000,36032.02000000,36483.15000000,3329.20340000,22-01-2022 08:59,121129873.85209310,61347,1471.47449000,53555465.74407110,0
22-01-22 09:00,36483.15000000,36549.91000000,36263.00000000,36467.23000000,2152.67794000,22-01-2022 09:59,78344068.77340640,52826,1133.76519000,41263694.22958770,0
22-01-22 10:00,36467.22000000,36690.00000000,36009.98000000,36341.64000000,4636.90627000,22-01-2022 10:59,168815966.71106660,77417,1730.03282000,63004365.16221650,0
22-01-22 11:00,36340.43000000,36423.82000000,36200.00000000,36278.51000000,2333.69766000,22-01-2022 11:59,84734614.38204890,47765,940.86970000,34170719.63016750,0
22-01-22 12:00,36278.52000000,36342.71000000,35600.01000000,35738.77000000,3668.48226000,22-01-2022 12:59,132150414.23086160,81855,1384.86915000,49886202.89565760,0
22-01-22 13:00,35738.77000000,35984.68000000,35400.02000000,35719.00000000,4422.67160000,22-01-2022 13:59,157988927.78036871,102441,2036.62970000,72777726.67874780,0
22-01-22 14:00,35719.01000000,35895.00000000,35112.84000000,35400.02000000,5275.29564800,22-01-2022 14:59,187228488.92186262,111531,2207.20672000,78364225.29776825,0
22-01-22 15:00,35400.01000000,35819.73000000,35397.36000000,35599.94000000,3444.07533000,22-01-2022 15:59,122776437.36708040,88316,1616.66626000,57632496.09745750,0
22-01-22 16:00,35599.94000000,35737.15000000,34664.00000000,34814.49000000,6202.55083200,22-01-2022 16:59,217977483.57876098,128972,2528.99580000,88905168.74542567,0
22-01-22 17:00,34812.32000000,35948.01000000,34008.00000000,35488.54000000,13411.25493100,22-01-2022 17:59,469568559.05984429,260904,6653.53751300,233026337.94847328,0
22-01-22 18:00,35488.54000000,35693.09000000,34801.00000000,35406.76000000,4811.75394000,22-01-2022 18:59,169761975.51547650,116899,2348.93843000,82881374.81033390,0
22-01-22 19:00,35406.76000000,35900.00000000,35336.23000000,35768.00000000,4109.41153000,22-01-2022 19:59,146377475.50538720,101847,2070.27727000,73734625.42509530,0
22-01-22 20:00,35769.80000000,36192.76000000,35518.20000000,35576.30000000,3716.30079000,22-01-2022 20:59,132993554.34134130,86040,1985.55629000,71044900.26265480,0
22-01-22 21:00,35576.29000000,35656.93000000,34988.80000000,35009.27000000,2910.19612000,22-01-2022 21:59,102976322.39850740,71519,1408.49968000,49883346.31399600,0
22-01-22 22:00,35009.27000000,35319.99000000,34805.32000000,34838.68000000,3028.27691000,22-01-2022 22:59,106134091.92591940,80979,1476.68004000,51757848.29675240,0
22-01-22 23:00,34838.69000000,35501.96000000,34520.59000000,35100.02000000,4478.77231000,22-01-2022 23:59,157187598.39525280,114058,2305.08526000,80882145.92382260,0
23-01-22 00:00,35095.23000000,35217.94000000,34500.00000000,34610.01000000,2681.65926000,23-01-2022 00:59,93301396.19561360,74145,1247.95852000,43440911.42374930,0
23-01-22 01:00,34610.00000000,34800.00000000,34243.38000000,34392.12000000,2829.73802000,23-01-2022 01:59,97601374.37425620,79723,1390.39491000,47954799.68429130,0
23-01-22 02:00,34392.12000000,34854.84000000,34346.54000000,34528.62000000,1919.38842000,23-01-2022 02:59,66352688.65070290,55347,946.96794000,32740680.48241280,0
23-01-22 03:00,34528.61000000,35500.00000000,34415.95000000,35287.51000000,4223.21411000,23-01-2022 03:59,148193838.45169750,98608,2287.65905000,80262285.44379680,0
23-01-22 04:00,35287.50000000,35729.03000000,35078.55000000,35387.01000000,1986.50639000,23-01-2022 04:59,70246706.39488410,56303,1043.74475000,36924088.10366640,0
23-01-22 05:00,35383.95000000,35395.26000000,34728.12000000,34875.00000000,1148.42973000,23-01-2022 05:59,40253891.28251840,45520,575.78008000,20179785.86282880,0
23-01-22 06:00,34875.00000000,35107.00000000,34730.00000000,35071.42000000,899.09342000,23-01-2022 06:59,31414564.43104460,30959,443.55160000,15502397.04772310,0
23-01-22 07:00,35071.42000000,35479.11000000,34944.00000000,35401.10000000,1601.28654000,23-01-2022 07:59,56470656.62447240,49033,859.27989000,30306001.90397580,0
23-01-22 08:00,35401.11000000,35526.28000000,35268.34000000,35315.04000000,1347.04206000,23-01-2022 08:59,47659576.60037600,42835,653.07330000,23106168.33913220,0
23-01-22 09:00,35316.99000000,35346.21000000,34834.92000000,34875.29000000,1373.11037000,23-01-2022 09:59,48196170.69098130,42678,622.36607000,21850508.74643960,0
23-01-22 10:00,34875.30000000,35101.53000000,34811.00000000,35051.00000000,992.94236000,23-01-2022 10:59,34700294.98505990,34308,530.26596000,18529938.06213530,0
23-01-22 11:00,35051.01000000,35295.97000000,34952.06000000,35217.66000000,1107.66038000,23-01-2022 11:59,38962992.48064330,32984,564.62267000,19857376.50723250,0
23-01-22 12:00,35217.65000000,35565.09000000,34940.09000000,35456.40000000,2227.65018000,23-01-2022 12:59,78494448.49990430,47855,1237.31757000,43597658.40701180,0
23-01-22 13:00,35456.40000000,35600.47000000,35165.22000000,35279.83000000,2127.59829000,23-01-2022 13:59,75216270.65530760,48333,1055.91059000,37343124.01384700,0
23-01-22 14:00,35279.84000000,35758.64000000,35221.79000000,35571.19000000,2491.21573000,23-01-2022 14:59,88602255.43153340,58115,1298.71844000,46183585.87837100,0
23-01-22 15:00,35571.19000000,35961.23000000,35325.03000000,35846.77000000,3322.40868000,23-01-2022 15:59,118372234.53320630,71205,1739.39668000,61976738.56236570,0
23-01-22 16:00,35846.77000000,36150.76000000,35738.61000000,35882.35000000,3097.09365000,23-01-2022 16:59,111342533.75707420,71805,1573.16273000,56556504.64134190,0
23-01-22 17:00,35877.41000000,35948.74000000,35577.00000000,35902.12000000,2006.87413000,23-01-2022 17:59,71816218.80138080,50611,943.66856000,33780048.39836860,0
23-01-22 18:00,35902.12000000,35906.76000000,35608.38000000,35686.29000000,1186.28742000,23-01-2022 18:59,42394977.34961160,41412,620.96739000,22192415.37384660,0
23-01-22 19:00,35686.29000000,35832.36000000,35557.92000000,35803.21000000,1477.86519000,23-01-2022 19:59,52715923.79850790,39326,761.67184000,27169988.26941610,0
23-01-22 20:00,35803.21000000,36055.00000000,35700.45000000,35969.27000000,1067.45596000,23-01-2022 20:59,38284943.29819350,35678,579.05559000,20771467.64123660,0
23-01-22 21:00,35969.28000000,36080.50000000,35050.40000000,35323.85000000,2815.83709000,23-01-2022 21:59,99886604.31187130,67873,1310.43338000,46485976.54109110,0
23-01-22 22:00,35323.85000000,35374.31000000,35111.56000000,35287.58000000,1220.17508000,23-01-2022 22:59,43008070.99977410,37276,614.62957000,21663421.90587480,0
23-01-22 23:00,35282.66000000,35450.00000000,35156.00000000,35228.45000000,1092.05916000,23-01-2022 23:59,38543690.97615390,36691,567.62347000,20034068.83077920,0
24-01-22 00:00,35228.44000000,35445.49000000,35189.99000000,35332.60000000,679.94542000,24-01-2022 00:59,24020395.32473100,25473,360.16939000,12723432.79235400,0
24-01-22 01:00,35332.59000000,35398.38000000,34870.01000000,34956.27000000,1680.38554000,24-01-2022 01:59,58989817.78799350,45093,789.72269000,27725303.39140530,0
24-01-22 02:00,34956.28000000,35205.52000000,34601.01000000,34775.45000000,2427.93169000,24-01-2022 02:59,84669563.14778310,57275,1153.73718000,40220789.47609750,0
24-01-22 03:00,34775.45000000,35387.80000000,34707.58000000,35300.13000000,1423.74465000,24-01-2022 03:59,50025996.26528800,42619,746.43340000,26226320.76182400,0
24-01-22 04:00,35300.13000000,35566.66000000,35083.76000000,35346.15000000,1220.14574000,24-01-2022 04:59,43116581.39301390,36903,600.23911000,21215572.81077690,0
24-01-22 05:00,35346.15000000,35545.76000000,35273.15000000,35508.47000000,879.09708000,24-01-2022 05:59,31120283.90570720,28885,439.12248000,15547206.09044490,0
24-01-22 06:00,35508.47000000,36499.00000000,35383.36000000,36244.55000000,5413.71115000,24-01-2022 06:59,195804137.42430890,98141,3219.80656000,116437889.69093770,0
24-01-22 07:00,36244.55000000,36251.50000000,35744.18000000,35840.29000000,2840.75148000,24-01-2022 07:59,102102834.48416570,69950,1649.36722000,59275163.63809550,0
24-01-22 08:00,35840.30000000,36042.21000000,35600.00000000,35652.22000000,1768.74664000,24-01-2022 08:59,63297560.93409360,37961,792.72664000,28367175.77627410,0
24-01-22 09:00,35650.01000000,35715.01000000,35160.51000000,35201.17000000,1378.44743000,24-01-2022 09:59,48903327.14097970,36140,626.34479000,22210998.31536230,0
24-01-22 10:00,35201.17000000,35399.99000000,35169.00000000,35338.26000000,1177.47497000,24-01-2022 10:59,41556120.85290980,31323,586.00712000,20681625.55095710,0
24-01-22 11:00,35338.25000000,35473.45000000,35065.00000000,35123.56000000,1125.94361000,24-01-2022 11:59,39737347.70922970,30864,501.63640000,17704823.02195220,0
24-01-22 12:00,35123.57000000,35249.27000000,34936.37000000,35184.06000000,1446.73836000,24-01-2022 12:59,50733550.39335440,36117,582.34345000,20424383.69593450,0
24-01-22 13:00,35184.06000000,35356.65000000,35054.01000000,35265.37000000,866.09930000,24-01-2022 13:59,30522183.17182730,29069,396.51756000,13973736.90201700,0
24-01-22 14:00,35265.14000000,35314.95000000,34811.87000000,34888.81000000,1539.02685000,24-01-2022 14:59,54005865.23056620,43712,679.71347000,23857078.71139530,0
24-01-22 15:00,34887.90000000,35562.15000000,34792.53000000,34959.79000000,2826.29586000,24-01-2022 15:59,99168690.82430580,63424,1348.99824000,47342194.70694240,0
24-01-22 16:00,34959.79000000,35093.13000000,34401.50000000,34512.20000000,4020.43347000,24-01-2022 16:59,139407899.92241840,87922,1895.45518000,65750674.88061560,0
24-01-22 17:00,34510.04000000,34600.00000000,33250.00000000,33276.59000000,9899.63705300,24-01-2022 17:59,334231792.69274716,182457,4365.63704800,147367715.60492349,0
24-01-22 18:00,33276.59000000,34249.88000000,33029.54000000,33697.11000000,7055.75011200,24-01-2022 18:59,237428386.63760568,127032,3357.58890000,113006201.53812080,0
24-01-22 19:00,33697.12000000,33890.00000000,33036.44000000,33114.90000000,4676.83642000,24-01-2022 19:59,156482970.79080660,103245,2143.15488000,71739539.98461760,0
24-01-22 20:00,33114.89000000,33776.02000000,32917.17000000,33335.23000000,5992.27163600,24-01-2022 20:59,200078315.99577820,126120,3092.19342000,103311422.82497787,0
24-01-22 21:00,33335.23000000,34138.16000000,33100.00000000,33622.71000000,6736.36178000,24-01-2022 21:59,226488332.62662520,133127,3407.28290000,114619428.50710780,0
24-01-22 22:00,33622.70000000,34388.38000000,33222.74000000,34233.95000000,5093.02808000,24-01-2022 22:59,172570425.48342360,115635,2793.45235000,94680125.20921040,0
24-01-22 23:00,34237.31000000,34576.01000000,33803.13000000,34417.76000000,5092.20170000,24-01-2022 23:59,174263787.45966300,112914,2817.43784000,96444773.46777540,0
25-01-22 00:00,34417.75000000,35535.69000000,34164.58000000,35363.10000000,6482.58003000,25-01-2022 00:59,225909003.55030020,127009,3698.81740000,128907918.15372730,0
25-01-22 01:00,35363.11000000,36436.00000000,35190.13000000,36179.99000000,6898.86151000,25-01-2022 01:59,247909177.45522750,133434,3864.18252000,138825998.99240750,0
25-01-22 02:00,36179.99000000,36340.54000000,35652.04000000,36066.40000000,3343.88880000,25-01-2022 02:59,120196083.67963380,75403,1724.86125000,62003883.52437290,0
25-01-22 03:00,36066.40000000,37550.00000000,35951.13000000,37220.05000000,5870.45082000,25-01-2022 03:59,215024618.08692150,127157,3255.89312000,119283581.62877860,0
25-01-22 04:00,37218.56000000,37264.93000000,36711.00000000,36805.22000000,2593.81306000,25-01-2022 04:59,95794669.76914730,67977,1262.20149000,46623010.59463170,0
25-01-22 05:00,36807.92000000,36842.95000000,36187.99000000,36369.44000000,1787.55587000,25-01-2022 05:59,65317320.73043330,59545,902.31639000,32964502.61978610,0
25-01-22 06:00,36369.43000000,36767.09000000,36355.29000000,36660.35000000,1391.55837000,25-01-2022 06:59,50911320.48102630,41815,725.14336000,26524742.99251650,0
25-01-22 07:00,36660.35000000,36691.87000000,36012.01000000,36037.58000000,2316.45521000,25-01-2022 07:59,84251720.48097570,59504,1141.64320000,41520621.50181390,0
25-01-22 08:00,36038.09000000,36196.14000000,35955.43000000,36125.31000000,1476.27625000,25-01-2022 08:59,53286769.73938720,43569,784.49303000,28318861.00436410,0
25-01-22 09:00,36125.31000000,36335.48000000,36084.85000000,36317.27000000,1219.60501000,25-01-2022 09:59,44141777.94702280,32947,681.99562000,24682524.01073970,0
25-01-22 10:00,36317.26000000,36460.03000000,36166.44000000,36424.49000000,1243.18572000,25-01-2022 10:59,45132061.30819290,30535,619.03573000,22473953.28354070,0
25-01-22 11:00,36424.50000000,36496.62000000,35869.39000000,35950.00000000,1385.55765000,25-01-2022 11:59,50155509.40022510,34496,652.76813000,23630871.42447140,0
25-01-22 12:00,35950.01000000,36110.81000000,35828.56000000,36054.81000000,1074.45012000,25-01-2022 12:59,38653030.67834370,30914,534.77016000,19237515.06336740,0
25-01-22 13:00,36054.81000000,36150.92000000,35835.01000000,35843.89000000,1178.97473000,25-01-2022 13:59,42443243.35911930,32204,574.28024000,20672906.60193870,0
25-01-22 14:00,35843.89000000,36106.00000000,35701.00000000,36044.01000000,2304.11612000,25-01-2022 14:59,82756195.47282450,39204,1258.34417000,45204235.70398480,0
25-01-22 15:00,36044.01000000,36564.07000000,36003.30000000,36070.55000000,2586.71157000,25-01-2022 15:59,93702104.04557470,58795,1294.81550000,46901181.67759060,0
25-01-22 16:00,36070.55000000,36510.00000000,36040.01000000,36409.42000000,1732.94507000,25-01-2022 16:59,62923599.93287680,46316,849.83376000,30857314.08400840,0
25-01-22 17:00,36409.42000000,36800.00000000,36287.89000000,36430.39000000,2119.05038000,25-01-2022 17:59,77303580.65668180,58590,1019.69560000,37202539.22086410,0
25-01-22 18:00,36430.38000000,36600.44000000,36227.52000000,36406.00000000,1671.86116000,25-01-2022 18:59,60864616.33128030,49973,829.37520000,30194010.43602310,0
25-01-22 19:00,36406.00000000,36777.77000000,36201.68000000,36519.13000000,2239.52587000,25-01-2022 19:59,81702380.07851550,58332,1203.30230000,43908345.29912570,0
25-01-22 20:00,36519.12000000,36579.99000000,36259.10000000,36498.00000000,2008.17575000,25-01-2022 20:59,73118067.81956610,63309,1000.52554000,36429503.00571400,0
25-01-22 21:00,36497.39000000,37149.42000000,36252.00000000,36299.99000000,5493.26524000,25-01-2022 21:59,201488179.65331000,130139,2888.12575000,105938063.51070840,0
25-01-22 22:00,36299.99000000,36780.00000000,35967.33000000,36530.00000000,3943.20294000,25-01-2022 22:59,143459302.29626000,86662,1954.36935000,71096403.77357540,0
25-01-22 23:00,36530.00000000,37086.64000000,36492.48000000,36837.70000000,2613.07831000,25-01-2022 23:59,96144385.00385430,60676,1314.29128000,48345472.09641970,0
26-01-22 00:00,36837.70000000,37481.75000000,36800.00000000,37273.33000000,3299.07838000,26-01-2022 00:59,122764699.35186690,77629,1628.26355000,60592626.09845780,0
26-01-22 01:00,37273.32000000,37545.14000000,37120.00000000,37320.08000000,2103.98592000,26-01-2022 01:59,78549569.01327110,55817,1072.64131000,40053530.40102070,0
26-01-22 02:00,37320.08000000,37421.00000000,36920.01000000,37067.13000000,1939.39675000,26-01-2022 02:59,72116481.51196860,50720,969.22047000,36044793.04630220,0
26-01-22 03:00,37067.13000000,37103.15000000,36616.35000000,36859.79000000,2160.03461000,26-01-2022 03:59,79667758.95524180,50921,1141.97101000,42119416.86581990,0
26-01-22 04:00,36859.80000000,36905.87000000,36421.56000000,36556.04000000,1507.44273000,26-01-2022 04:59,55174173.47209760,39173,744.77066000,27260471.86902200,0
26-01-22 05:00,36556.04000000,36791.16000000,36432.73000000,36791.16000000,721.19563000,26-01-2022 05:59,26417529.66987330,28172,383.76771000,14056866.87350790,0
26-01-22 06:00,36791.16000000,37042.53000000,36707.34000000,36958.32000000,894.83071000,26-01-2022 06:59,33007478.32140920,29649,446.12949000,16456108.75130250,0
26-01-22 07:00,36958.32000000,37000.00000000,36560.16000000,36638.50000000,1135.86622000,26-01-2022 07:59,41784339.73015440,39232,571.17075000,21011546.69762020,0
26-01-22 08:00,36638.55000000,36916.23000000,36550.20000000,36851.85000000,1621.53947000,26-01-2022 08:59,59481069.42904340,34996,845.63433000,31013141.49500390,0
26-01-22 09:00,36851.85000000,37047.83000000,36784.70000000,36812.89000000,1034.88206000,26-01-2022 09:59,38177142.07876460,30599,478.53264000,17655135.17940610,0
26-01-22 10:00,36812.90000000,37522.24000000,36790.81000000,37389.76000000,3049.74993000,26-01-2022 10:59,113607000.40755540,58765,1390.71013000,51761755.16589890,0
26-01-22 11:00,37389.77000000,37876.80000000,37248.87000000,37789.73000000,2641.98665000,26-01-2022 11:59,99189065.03693960,56665,1341.05355000,50355944.93210050,0
26-01-22 12:00,37789.73000000,37974.43000000,37590.01000000,37600.00000000,1884.23041000,26-01-2022 12:59,71101965.24960620,48269,933.03227000,35212572.04435340,0
26-01-22 13:00,37600.01000000,37798.46000000,37202.47000000,37288.56000000,2250.39767000,26-01-2022 13:59,84294269.28803090,50599,1248.78478000,46763419.27602790,0
26-01-22 14:00,37288.56000000,37400.00000000,37109.37000000,37338.59000000,1597.98349000,26-01-2022 14:59,59509060.16802840,39090,832.10500000,30987487.14818680,0
26-01-22 15:00,37338.60000000,37700.17000000,37324.58000000,37591.42000000,1817.91907000,26-01-2022 15:59,68221243.47282870,41124,944.53039000,35444300.74606870,0
26-01-22 16:00,37591.42000000,37975.57000000,37563.47000000,37650.00000000,2418.87524000,26-01-2022 16:59,91358201.65198560,52582,1228.29176000,46390244.92891630,0
26-01-22 17:00,37650.01000000,38173.20000000,37550.00000000,37940.46000000,2096.40733000,26-01-2022 17:59,79316618.76295980,48582,1202.41662000,45525411.69992510,0
26-01-22 18:00,37940.46000000,38248.92000000,37778.18000000,38072.77000000,2974.73728000,26-01-2022 18:59,112929972.21815160,58842,1464.90668000,55608308.90007700,0
26-01-22 19:00,38072.77000000,38090.61000000,37742.76000000,37749.20000000,1935.96958000,26-01-2022 19:59,73279097.64924920,49416,976.52113000,36960494.36487190,0
26-01-22 20:00,37749.68000000,38275.00000000,37475.01000000,38193.48000000,3545.65050000,26-01-2022 20:59,134350409.40628930,73334,1810.74798000,68653512.88301520,0
26-01-22 21:00,38193.48000000,38499.00000000,38055.76000000,38223.52000000,3824.86357000,26-01-2022 21:59,146422245.95399170,87563,2048.69609000,78417669.47026910,0
26-01-22 22:00,38223.51000000,38369.03000000,37819.97000000,37985.00000000,3486.56576000,26-01-2022 22:59,132631386.32683870,74110,1838.35289000,69941364.17041240,0
26-01-22 23:00,37985.01000000,38295.65000000,37911.66000000,38264.86000000,1682.49321000,26-01-2022 23:59,64118533.82789810,44172,883.94819000,33689861.29080310,0
27-01-22 00:00,38264.85000000,38380.01000000,38007.03000000,38040.90000000,1917.78472000,27-01-2022 00:59,73223454.25750680,45366,927.42345000,35412420.84112550,0
27-01-22 01:00,38040.90000000,38300.00000000,37565.00000000,37961.15000000,3544.88678000,27-01-2022 01:59,134143037.16980330,84071,1782.66090000,67472962.05059830,0
27-01-22 02:00,37961.15000000,38919.98000000,37311.58000000,37579.90000000,12243.82668000,27-01-2022 02:59,467151437.53015870,259440,6067.57826000,231628431.23072070,0
27-01-22 03:00,37576.67000000,37580.03000000,36668.23000000,37015.05000000,6182.33781000,27-01-2022 03:59,229085143.71433430,133593,3077.55885000,114052438.89698640,0
27-01-22 04:00,37015.05000000,37181.85000000,36322.54000000,36323.08000000,3204.91046000,27-01-2022 04:59,117563638.12178380,75801,1569.99106000,57622549.19169380,0
27-01-22 05:00,36327.35000000,36583.80000000,36234.63000000,36509.40000000,2050.62594000,27-01-2022 05:59,74636987.28335500,55148,1001.08385000,36443373.99699750,0
27-01-22 06:00,36509.41000000,36886.68000000,36439.02000000,36809.34000000,1685.67053000,27-01-2022 06:59,61916657.95559990,43109,774.58387000,28450601.86214540,0
27-01-22 07:00,36807.24000000,37080.00000000,36655.79000000,37004.43000000,2074.29018000,27-01-2022 07:59,76648240.01843750,44645,933.44230000,34493152.06290890,0
27-01-22 08:00,37004.43000000,37005.84000000,35833.56000000,35882.21000000,3376.02847000,27-01-2022 08:59,122664756.85844700,65283,1332.69457000,48396761.06828530,0
27-01-22 09:00,35882.21000000,36041.84000000,35681.77000000,36008.69000000,2675.43678000,27-01-2022 09:59,95958933.40808070,58335,1387.00556000,49771409.52854480,0
27-01-22 10:00,36008.69000000,36243.32000000,35507.01000000,35745.70000000,2650.83156000,27-01-2022 10:59,95048649.43467810,68407,1270.88110000,45574304.30689460,0
27-01-22 11:00,35745.70000000,36000.00000000,35692.61000000,35930.80000000,2846.15453000,27-01-2022 11:59,101986369.75045940,55369,1740.03242000,62349749.25917050,0
27-01-22 12:00,35930.80000000,36091.00000000,35820.44000000,35973.39000000,2262.56977000,27-01-2022 12:59,81422491.82773100,45819,1326.10592000,47728081.61891530,0
27-01-22 13:00,35977.88000000,36175.64000000,35818.77000000,36139.09000000,1872.14471000,27-01-2022 13:59,67380261.39014340,37745,898.83502000,32354032.65533240,0
27-01-22 14:00,36139.09000000,36303.80000000,35915.00000000,36173.87000000,1860.34114000,27-01-2022 14:59,67290479.58731850,39142,790.34060000,28596579.74557700,0
27-01-22 15:00,36177.17000000,36500.00000000,35815.80000000,36450.00000000,2112.75603000,27-01-2022 15:59,76471897.16743040,50789,1153.41386000,41765021.94048170,0
27-01-22 16:00,36449.99000000,36611.21000000,36333.00000000,36525.85000000,2294.32365000,27-01-2022 16:59,83733029.11908880,59717,1173.97541000,42844464.58943100,0
27-01-22 17:00,36525.84000000,36649.61000000,36290.31000000,36318.22000000,1385.52094000,27-01-2022 17:59,50577494.69624950,47133,642.92230000,23478200.58805410,0
27-01-22 18:00,36318.22000000,36781.79000000,36290.01000000,36679.98000000,1707.19659000,27-01-2022 18:59,62450302.54605220,51605,867.93247000,31754285.21986850,0
27-01-22 19:00,36679.98000000,36784.27000000,36423.46000000,36668.23000000,1846.06290000,27-01-2022 19:59,67598687.90851750,56132,958.90650000,35104866.51879190,0
27-01-22 20:00,36668.23000000,36849.37000000,36543.16000000,36830.89000000,1852.85289000,27-01-2022 20:59,68030134.58018330,50496,997.42268000,36629805.65950900,0
27-01-22 21:00,36830.88000000,37199.00000000,36679.99000000,36882.03000000,2826.17783000,27-01-2022 21:59,104347994.10332550,70171,1519.42881000,56124208.27656570,0
27-01-22 22:00,36882.02000000,37030.00000000,36510.00000000,36639.43000000,2139.96762000,27-01-2022 22:59,78642767.05235990,64486,1024.01217000,37634824.92619760,0
27-01-22 23:00,36639.43000000,36787.77000000,36327.13000000,36528.86000000,1843.62877000,27-01-2022 23:59,67359772.33269030,49362,895.84934000,32732230.82856430,0
28-01-22 00:00,36528.85000000,36600.00000000,36161.41000000,36282.03000000,1493.88279000,28-01-2022 00:59,54235056.31969780,44022,753.80997000,27368652.29257990,0
28-01-22 01:00,36282.02000000,36345.76000000,36022.07000000,36215.49000000,1606.52202000,28-01-2022 01:59,58036437.36440060,43875,785.74886000,28386819.70530720,0
28-01-22 02:00,36215.49000000,36327.72000000,35883.82000000,36209.20000000,1971.02943000,28-01-2022 02:59,71246690.48573340,50461,1006.06489000,36378447.29314990,0
28-01-22 03:00,36209.19000000,36435.70000000,35557.96000000,35583.50000000,2461.62784000,28-01-2022 03:59,88597890.94908600,58612,1073.48806000,38656351.64824120,0
28-01-22 04:00,35583.50000000,36330.83000000,35538.75000000,36187.01000000,2304.11782000,28-01-2022 04:59,82634718.68240530,57785,1224.95302000,43946407.55415320,0
28-01-22 05:00,36187.01000000,37000.00000000,35890.02000000,36705.27000000,3294.65777000,28-01-2022 05:59,119946019.99186040,88431,1802.06958000,65699155.50814610,0
28-01-22 06:00,36704.68000000,37234.47000000,36693.22000000,37160.10000000,2262.75731000,28-01-2022 06:59,83611052.76928380,50586,1191.61053000,44048129.47608540,0
28-01-22 07:00,37160.11000000,37467.98000000,37046.15000000,37157.27000000,2204.86551000,28-01-2022 07:59,82100582.09536820,52986,1086.05476000,40440792.63272650,0
28-01-22 08:00,37157.26000000,37222.73000000,36720.01000000,36880.80000000,1828.36966000,28-01-2022 08:59,67569978.22355380,45472,889.93551000,32892528.36181810,0
28-01-22 09:00,36880.79000000,36973.56000000,36500.00000000,36935.62000000,1938.13929000,28-01-2022 09:59,71284365.85030070,38992,852.07682000,31349200.12156830,0
28-01-22 10:00,36936.33000000,37450.00000000,36901.45000000,37351.83000000,2146.26416000,28-01-2022 10:59,79942153.06294340,47089,1160.67492000,43222757.49546340,0
28-01-22 11:00,37351.83000000,37449.98000000,36986.43000000,37223.18000000,1593.21951000,28-01-2022 11:59,59338711.74642840,37188,660.52452000,24602540.03632020,0
28-01-22 12:00,37223.19000000,37328.87000000,37091.20000000,37205.60000000,1226.26364000,28-01-2022 12:59,45620455.54981080,30256,584.73783000,21755549.91561300,0
28-01-22 13:00,37206.17000000,37500.00000000,36907.02000000,36907.14000000,1824.47514000,28-01-2022 13:59,67932975.44464080,41765,939.50936000,34990564.19585470,0
28-01-22 14:00,36907.14000000,37099.09000000,36777.77000000,36799.82000000,1930.98750000,28-01-2022 14:59,71321505.11691340,46374,1038.45720000,38351208.39648570,0
28-01-22 15:00,36799.82000000,36882.22000000,36429.62000000,36658.47000000,1829.32817000,28-01-2022 15:59,67006011.58688460,48912,893.39135000,32725412.58834270,0
28-01-22 16:00,36658.46000000,36853.09000000,36401.44000000,36486.09000000,1662.14710000,28-01-2022 16:59,60837705.82127160,39680,813.15429000,29765081.79879330,0
28-01-22 17:00,36486.10000000,36678.19000000,36325.33000000,36615.35000000,1543.09172000,28-01-2022 17:59,56375594.03685280,44091,763.61633000,27897590.11914470,0
28-01-22 18:00,36615.35000000,36650.00000000,36287.03000000,36448.28000000,1593.88827000,28-01-2022 18:59,58072158.24095800,45711,799.07073000,29111200.17285340,0
28-01-22 19:00,36447.67000000,36594.59000000,36155.01000000,36278.60000000,1722.28784000,28-01-2022 19:59,62586704.27026150,48549,836.49341000,30397672.55853590,0
28-01-22 20:00,36278.60000000,36989.92000000,36213.24000000,36910.46000000,2635.32344000,28-01-2022 20:59,96609227.90801640,58800,1427.73715000,52352146.44780790,0
28-01-22 21:00,36906.58000000,37096.08000000,36600.00000000,36759.65000000,2740.25615000,28-01-2022 21:59,101000583.16690870,57895,1538.18965000,56698173.51831320,0
28-01-22 22:00,36759.65000000,37300.00000000,36682.24000000,37188.98000000,2727.21213000,28-01-2022 22:59,101129065.43427420,64949,1438.30198000,53346286.87683860,0
28-01-22 23:00,37188.99000000,37376.70000000,37000.01000000,37103.62000000,1666.64111000,28-01-2022 23:59,62004310.62020150,52925,852.44072000,31717682.44756220,0
29-01-22 00:00,37103.63000000,37193.42000000,36774.43000000,36843.60000000,1322.31184000,29-01-2022 00:59,48895617.86296370,36616,630.26849000,23312560.15331420,0
29-01-22 01:00,36843.59000000,37137.09000000,36785.80000000,37050.57000000,1217.15570000,29-01-2022 01:59,44989922.54999610,33838,644.72685000,23832496.12355120,0
29-01-22 02:00,37050.56000000,37238.11000000,36765.05000000,37222.86000000,1133.15411000,29-01-2022 02:59,41930542.77063540,31959,568.98709000,21061542.68077510,0
29-01-22 03:00,37222.85000000,37858.19000000,37134.65000000,37758.01000000,2350.29717000,29-01-2022 03:59,88147303.87738540,55459,1287.17557000,48284390.12325800,0
29-01-22 04:00,37758.00000000,38000.00000000,37660.88000000,37788.87000000,1701.81819000,29-01-2022 04:59,64406427.17776130,45931,930.39653000,35217292.05907650,0
29-01-22 05:00,37788.87000000,37943.55000000,37653.36000000,37655.01000000,951.05179000,29-01-2022 05:59,35981702.50474770,32762,463.61377000,17545390.00468190,0
29-01-22 06:00,37655.01000000,37850.00000000,37642.05000000,37716.56000000,665.72042000,29-01-2022 06:59,25120326.30104970,22902,396.94068000,14977788.68364350,0
29-01-22 07:00,37716.57000000,37983.41000000,37647.01000000,37788.27000000,1192.04040000,29-01-2022 07:59,45097719.44467950,33775,586.59534000,22191454.15793750,0
29-01-22 08:00,37788.27000000,37899.99000000,37473.07000000,37535.77000000,1181.30907000,29-01-2022 08:59,44490569.27374590,31314,545.59819000,20549461.55937730,0
29-01-22 09:00,37535.76000000,37635.93000000,37448.58000000,37530.75000000,904.78617000,29-01-2022 09:59,33952216.05876300,25221,442.53486000,16604109.18545400,0
29-01-22 10:00,37530.74000000,37750.00000000,37490.10000000,37737.73000000,837.02319000,29-01-2022 10:59,31504314.77474030,27959,493.24378000,18564458.06180310,0
29-01-22 11:00,37737.72000000,37916.08000000,37726.32000000,37814.46000000,719.21190000,29-01-2022 11:59,27204563.03484710,25770,370.88331000,14028524.97621210,0
29-01-22 12:00,37814.47000000,37834.99000000,37613.01000000,37653.72000000,728.34049000,29-01-2022 12:59,27460398.77726800,24183,322.96435000,12177643.80063970,0
29-01-22 13:00,37653.71000000,37835.00000000,37589.44000000,37739.78000000,1012.49480000,29-01-2022 13:59,38170199.28695430,28621,481.46755000,18152266.27599030,0
29-01-22 14:00,37739.78000000,37925.00000000,37656.57000000,37836.99000000,967.94082000,29-01-2022 14:59,36589813.24656490,30191,481.95928000,18218516.51504500,0
29-01-22 15:00,37836.98000000,37923.00000000,37750.00000000,37785.82000000,1004.43660000,29-01-2022 15:59,37985119.85010390,28883,537.69183000,20335466.07959960,0
29-01-22 16:00,37785.82000000,37786.85000000,37544.94000000,37703.24000000,709.55783000,29-01-2022 16:59,26718131.78229180,28502,329.71360000,12415058.38407780,0
29-01-22 17:00,37703.25000000,37809.83000000,37597.11000000,37756.19000000,679.36743000,29-01-2022 17:59,25608427.44555710,24850,337.80582000,12734965.38724190,0
29-01-22 18:00,37756.20000000,37788.24000000,37662.44000000,37736.07000000,426.51029000,29-01-2022 18:59,16090346.99650860,20455,206.15953000,7777811.39713890,0
29-01-22 19:00,37736.06000000,37916.99000000,37623.01000000,37847.57000000,755.03752000,29-01-2022 19:59,28534369.62710250,28665,418.61349000,15822216.74258670,0
29-01-22 20:00,37847.57000000,38186.11000000,37733.04000000,38161.69000000,1782.61817000,29-01-2022 20:59,67802273.08679940,51992,957.13994000,36403062.77671700,0
29-01-22 21:00,38161.69000000,38198.82000000,37507.72000000,37620.04000000,1985.59542000,29-01-2022 21:59,75318312.07273990,62014,922.48486000,34995854.91677510,0
29-01-22 22:00,37620.04000000,37735.67000000,37268.44000000,37566.82000000,1881.67209000,29-01-2022 22:59,70637969.49429300,51754,889.31896000,33389122.81427170,0
29-01-22 23:00,37567.98000000,37603.57000000,37317.37000000,37538.19000000,1102.74218000,29-01-2022 23:59,41323390.93888780,32444,550.48690000,20629584.51593200,0
30-01-22 00:00,37538.19000000,37720.77000000,37532.15000000,37646.31000000,784.47184000,30-01-2022 00:59,29522144.27770180,27730,349.29032000,13144679.33429370,0
30-01-22 01:00,37646.31000000,37904.19000000,37556.56000000,37806.23000000,772.06693000,30-01-2022 01:59,29138395.49170340,31389,428.81978000,16187102.46690850,0
30-01-22 02:00,37806.24000000,37950.00000000,37781.49000000,37853.00000000,671.54974000,30-01-2022 02:59,25433583.52402070,26027,341.27860000,12924191.75552820,0
30-01-22 03:00,37853.00000000,38650.00000000,37816.21000000,38340.03000000,2848.57779000,30-01-2022 03:59,109217405.86567530,70318,1591.75722000,61011694.18852480,0
30-01-22 04:00,38340.03000000,38720.74000000,38279.99000000,38358.32000000,1378.11408000,30-01-2022 04:59,53083575.94009130,41176,771.51634000,29719825.28458120,0
30-01-22 05:00,38358.32000000,38411.72000000,38045.27000000,38140.00000000,1008.45341000,30-01-2022 05:59,38503506.71284690,37558,529.88551000,20229549.49670670,0
30-01-22 06:00,38140.00000000,38185.80000000,37906.26000000,38166.84000000,795.57866000,30-01-2022 06:59,30265639.99276300,25810,405.21220000,15417857.58611020,0
30-01-22 07:00,38166.83000000,38281.24000000,37737.49000000,37816.45000000,1184.00777000,30-01-2022 07:59,44987642.28776510,34687,561.61519000,21340353.01839790,0
30-01-22 08:00,37816.46000000,37976.29000000,37788.87000000,37931.75000000,716.99550000,30-01-2022 08:59,27160192.96621900,23413,349.19165000,13227070.27103590,0
30-01-22 09:00,37931.75000000,38054.18000000,37873.59000000,37951.80000000,827.14758000,30-01-2022 09:59,31403715.39114750,23893,371.08692000,14090500.94524460,0
30-01-22 10:00,37951.79000000,38044.24000000,37881.55000000,37917.13000000,649.81836000,30-01-2022 10:59,24677081.26210650,23000,305.07219000,11584567.85776560,0
30-01-22 11:00,37917.13000000,38183.86000000,37901.17000000,38099.34000000,497.07420000,30-01-2022 11:59,18901013.81726860,18490,281.35031000,10699544.44231140,0
30-01-22 12:00,38100.02000000,38300.00000000,38087.02000000,38139.39000000,781.35435000,30-01-2022 12:59,29856302.31708540,25078,396.12617000,15134902.03977830,0
30-01-22 13:00,38139.38000000,38152.79000000,38038.95000000,38098.51000000,815.26190000,30-01-2022 13:59,31056350.61919990,23663,479.83580000,18276652.31158590,0
30-01-22 14:00,38098.51000000,38290.00000000,38098.51000000,38244.98000000,585.29997000,30-01-2022 14:59,22350600.80828690,23864,319.25613000,12190967.14506680,0
30-01-22 15:00,38244.98000000,38359.26000000,37966.15000000,38000.00000000,1156.08695000,30-01-2022 15:59,44063840.15107870,32649,547.74348000,20883237.00769550,0
30-01-22 16:00,37999.99000000,38073.45000000,37795.00000000,37889.48000000,1518.69315000,30-01-2022 16:59,57618727.79587020,38107,836.12191000,31730950.25234210,0
30-01-22 17:00,37889.49000000,38189.19000000,37829.00000000,38184.74000000,1234.86371000,30-01-2022 17:59,46953569.17569720,29597,669.23076000,25447162.35663240,0
30-01-22 18:00,38184.74000000,38259.14000000,37958.13000000,38110.02000000,803.22993000,30-01-2022 18:59,30600481.15920340,26776,389.67854000,14845420.63345460,0
30-01-22 19:00,38110.03000000,38153.82000000,37849.53000000,37938.47000000,719.04878000,30-01-2022 19:59,27315268.13434170,30604,327.73284000,12451931.75221920,0
30-01-22 20:00,37937.21000000,37998.99000000,37823.08000000,37963.22000000,549.75372000,30-01-2022 20:59,20848901.96915690,27283,279.57212000,10602605.42060310,0
30-01-22 21:00,37963.21000000,37999.90000000,37712.05000000,37838.99000000,925.66020000,30-01-2022 21:59,35008027.72659100,36962,479.86846000,18150708.47112700,0
30-01-22 22:00,37839.00000000,38041.32000000,37778.20000000,37980.09000000,739.66710000,30-01-2022 22:59,28068057.80642810,30402,387.12315000,14691053.93619580,0
30-01-22 23:00,37977.47000000,38074.76000000,37800.00000000,37832.44000000,586.32887000,30-01-2022 23:59,22230232.73387040,24999,261.27278000,9908445.26727930,0
31-01-22 00:00,37832.45000000,37994.87000000,37751.72000000,37991.00000000,554.76321000,31-01-2022 00:59,21018513.07204610,23068,287.28222000,10885037.01226810,0
31-01-22 01:00,37991.00000000,38020.39000000,37813.79000000,37820.95000000,491.34455000,31-01-2022 01:59,18634957.91237370,23194,240.65136000,9127958.85463540,0
31-01-22 02:00,37820.96000000,37827.14000000,37442.52000000,37512.37000000,1718.81204000,31-01-2022 02:59,64592923.60974480,50257,758.48750000,28494409.43745350,0
31-01-22 03:00,37512.37000000,37740.00000000,37351.63000000,37684.45000000,1037.92256000,31-01-2022 03:59,38993792.81982550,33851,502.43654000,18878001.31098320,0
31-01-22 04:00,37684.45000000,37762.60000000,37492.25000000,37729.00000000,874.06052000,31-01-2022 04:59,32900649.34112160,26439,387.34028000,14576957.62566860,0
31-01-22 05:00,37729.00000000,37855.54000000,37625.41000000,37785.78000000,734.65855000,31-01-2022 05:59,27719745.31018330,26958,424.89627000,16033696.14060440,0
31-01-22 06:00,37785.78000000,38230.00000000,37778.46000000,37881.76000000,1728.81180000,31-01-2022 06:59,65789628.41442040,41359,955.41203000,36368610.50659580,0
31-01-22 07:00,37881.75000000,37951.07000000,36828.32000000,36829.30000000,2907.71096000,31-01-2022 07:59,108446925.34154640,65242,1314.56305000,49011890.65281130,0
31-01-22 08:00,36829.30000000,36960.67000000,36760.87000000,36821.05000000,1423.26744000,31-01-2022 08:59,52452244.97479260,37953,713.92116000,26310368.60787340,0
31-01-22 09:00,36823.19000000,37004.55000000,36632.61000000,36993.58000000,1846.10363000,31-01-2022 09:59,68024971.40075720,44789,937.50923000,34549819.60813170,0
31-01-22 10:00,36994.69000000,37058.82000000,36925.27000000,37025.68000000,961.28704000,31-01-2022 10:59,35570514.02556760,31725,493.69502000,18267692.12650460,0
31-01-22 11:00,37025.68000000,37026.29000000,36811.48000000,36912.84000000,744.81356000,31-01-2022 11:59,27499332.00711240,26365,367.54067000,13570086.13363080,0
31-01-22 12:00,36912.84000000,37019.76000000,36850.00000000,37001.65000000,744.80275000,31-01-2022 12:59,27517872.61746800,22217,361.10818000,13342508.06487660,0
31-01-22 13:00,37001.66000000,37077.46000000,36916.78000000,36916.78000000,831.06345000,31-01-2022 13:59,30757143.10217930,25277,443.20829000,16404384.49501330,0
31-01-22 14:00,36916.79000000,37196.91000000,36880.60000000,37121.83000000,827.67942000,31-01-2022 14:59,30670201.23534820,26957,417.76625000,15479299.77474460,0
31-01-22 15:00,37121.84000000,37211.12000000,37105.10000000,37175.34000000,913.42214000,31-01-2022 15:59,33943662.15109790,29209,459.38571000,17071321.69042880,0
